first_name,last_name,phone,region,registration_date,opt_out,source,email_raw,email_valid,source_priority,email,sources,source_count
Léa,González,5551234567,EU,2022-01-01,True,crm,customer786@gmail.com,True,1,customer786@gmail.com,"crm,website,erp",3.0
André,Martínez,5551234567,APAC,2022-08-01,False,crm,customer440@company.com,True,1,customer440@company.com,"crm,website",2.0
John,González,+15551234567,US,2021-04-01,False,crm,customer475@yahoo.com,True,1,customer475@yahoo.com,"crm,website",2.0
Sarah,González,5551234567,EU,2023-05-01,False,crm,customer408@gmail.com,True,1,customer408@gmail.com,"crm,website",2.0
François,Martínez,5551234567,US,2023-03-01,False,crm,customer249@gmail.com,True,1,customer249@gmail.com,"crm,website",2.0
Müller,Johnson,+15551234567,EU,2021-03-01,False,crm,customer454@yahoo.com,True,1,customer454@yahoo.com,"crm,website,erp",3.0
Müller,Jones,5551234567,US,2021-09-01,False,crm,customer209@company.com,True,1,customer209@company.com,"crm,website,erp",3.0
Pat,Wang,+15551234567,US,2023-11-01,False,crm,customer402@gmail.com,True,1,customer402@gmail.com,"crm,website,erp",3.0
Pat,López,+442079460958,US,2022-01-01,True,crm,customer146@company.com,True,1,customer146@company.com,"crm,website",2.0
Sam,González,5551234567,US,2022-02-01,False,crm,customer21@gmail.com,True,1,customer21@gmail.com,"crm,website",2.0
Léa,Garcia,,EU,2021-09-01,False,crm,customer762@gmail.com,True,1,customer762@gmail.com,crm,1.0
André,Díaz,+81312345678,EU,2022-08-01,False,crm,customer713@company.com,True,1,customer713@company.com,"crm,website,erp",3.0
Mike,Díaz,+442079460958,US,2022-08-01,False,crm,customer622@yahoo.com,True,1,customer622@yahoo.com,"crm,website",2.0
Mike,Díaz,+15551234567,US,2020-08-01,False,crm,customer256@yahoo.com,True,1,customer256@yahoo.com,"crm,website",2.0
Chris,González,5551234567,EU,2020-08-01,False,crm,customer775@yahoo.com,True,1,customer775@yahoo.com,"crm,website",2.0
José,González,+442079460958,US,2023-02-01,True,crm,customer462@gmail.com,True,1,customer462@gmail.com,crm,1.0
Alex,Williams,+81312345678,EU,2022-03-01,False,crm,customer151@yahoo.com,True,1,customer151@yahoo.com,crm,1.0
André,Brown,+15551234567,EU,2021-12-01,True,crm,customer420@gmail.com,True,1,customer420@gmail.com,"crm,website",2.0
Maria,Smith,+15551234567,APAC,2020-01-01,True,crm,customer307@yahoo.com,True,1,customer307@yahoo.com,crm,1.0
Chris,Jones,+15551234567,US,2021-06-01,True,crm,customer404@company.com,True,1,customer404@company.com,"crm,website",2.0
Sam,Wang,+442079460958,EU,2021-08-01,False,crm,customer64@yahoo.com,True,1,customer64@yahoo.com,"crm,website",2.0
O'Brien,Kim,02079460958,US,2021-09-01,False,crm,customer194@company.com,True,1,customer194@company.com,"crm,website",2.0
Sam,Díaz,5551234567,EU,2022-05-01,False,crm,customer445@yahoo.com,True,1,customer445@yahoo.com,"crm,website,erp",3.0
Mike,Díaz,5551234567,US,2021-04-01,True,crm,customer359@company.com,True,1,customer359@company.com,"crm,website",2.0
O'Brien,López,+15551234567,APAC,2022-08-01,False,crm,customer79@yahoo.com,True,1,customer79@yahoo.com,"crm,erp",2.0
Müller,Martínez,5551234567,APAC,2023-11-01,False,crm,customer102@gmail.com,True,1,customer102@gmail.com,"crm,website",2.0
Sam,Brown,+81312345678,APAC,2020-09-01,True,crm,customer239@company.com,True,1,customer239@company.com,"crm,website",2.0
André,Jones,+81312345678,EU,2021-08-01,False,crm,customer260@company.com,True,1,customer260@company.com,crm,1.0
Sam,Brown,5551234567,US,2023-01-01,False,crm,customer374@company.com,True,1,customer374@company.com,"crm,website",2.0
André,González,+81312345678,US,2020-05-01,False,crm,customer279@gmail.com,True,1,customer279@gmail.com,"crm,website,erp",3.0
Müller,Martínez,02079460958,US,2020-02-01,False,crm,customer379@yahoo.com,True,1,customer379@yahoo.com,"crm,website",2.0
José,Williams,5551234567,APAC,2022-06-01,False,crm,customer700@yahoo.com,True,1,customer700@yahoo.com,"crm,website",2.0
Müller,Kim,5551234567,APAC,2021-10-01,True,crm,customer595@yahoo.com,True,1,customer595@yahoo.com,"crm,website",2.0
Mike,López,+15551234567,US,2021-01-01,False,crm,customer399@gmail.com,True,1,customer399@gmail.com,"crm,erp",2.0
Pat,Wang,,US,2020-05-01,True,crm,customer15@gmail.com,True,1,customer15@gmail.com,crm,1.0
Pat,Johnson,02079460958,US,2023-11-01,False,crm,customer784@yahoo.com,True,1,customer784@yahoo.com,"crm,website",2.0
José,Smith,+81312345678,EU,2021-03-01,False,crm,customer603@gmail.com,True,1,customer603@gmail.com,"crm,website,erp",3.0
Léa,Jones,+15551234567,US,2021-02-01,False,crm,customer566@company.com,True,1,customer566@company.com,"crm,website",2.0
Sarah,Johnson,+81312345678,US,2022-10-01,False,crm,customer120@gmail.com,True,1,customer120@gmail.com,crm,1.0
André,Brown,5551234567,EU,2020-08-01,False,crm,customer796@yahoo.com,True,1,customer796@yahoo.com,"crm,website",2.0
O'Brien,Martínez,5551234567,US,2020-11-01,True,crm,customer23@company.com,True,1,customer23@company.com,"crm,erp",2.0
José,Brown,+15551234567,US,2022-08-01,False,crm,customer36@gmail.com,True,1,customer36@gmail.com,"crm,erp",2.0
Sarah,Jones,5551234567,US,2023-03-01,True,crm,customer466@yahoo.com,True,1,customer466@yahoo.com,crm,1.0
Jane,Brown,02079460958,US,2021-07-01,False,crm,customer432@gmail.com,True,1,customer432@gmail.com,"crm,website",2.0
José,Martínez,+442079460958,US,2020-02-01,False,crm,customer612@gmail.com,True,1,customer612@gmail.com,"crm,website",2.0
Maria,Brown,02079460958,EU,2023-06-01,True,crm,customer83@company.com,True,1,customer83@company.com,"crm,website",2.0
Chris,Williams,+15551234567,APAC,2023-08-01,True,crm,customer601@yahoo.com,True,1,customer601@yahoo.com,"crm,website,erp",3.0
Léa,González,+442079460958,APAC,2021-06-01,True,crm,customer138@gmail.com,True,1,customer138@gmail.com,"crm,website",2.0
Müller,Brown,+442079460958,EU,2022-05-01,False,crm,customer394@yahoo.com,True,1,customer394@yahoo.com,"crm,website",2.0
Mike,Smith,02079460958,EU,2020-10-01,True,crm,customer74@company.com,True,1,customer74@company.com,"crm,website",2.0
Alex,Díaz,5551234567,US,2023-02-01,False,crm,customer85@yahoo.com,True,1,customer85@yahoo.com,"crm,website,erp",3.0
Sarah,Wang,+81312345678,US,2020-05-01,False,crm,customer520@yahoo.com,True,1,customer520@yahoo.com,"crm,erp",2.0
André,Díaz,5551234567,US,2020-11-01,False,crm,customer242@company.com,True,1,customer242@company.com,"crm,erp",2.0
O'Brien,Kim,+81312345678,EU,2023-12-01,True,crm,customer717@gmail.com,True,1,customer717@gmail.com,"crm,website,erp",3.0
Mike,López,02079460958,APAC,2023-07-01,False,crm,customer406@yahoo.com,True,1,customer406@yahoo.com,"crm,website",2.0
José,Díaz,+15551234567,US,2021-06-01,False,crm,customer157@yahoo.com,True,1,customer157@yahoo.com,"crm,erp",2.0
Mike,Garcia,+15551234567,EU,2021-08-01,True,crm,customer228@gmail.com,True,1,customer228@gmail.com,crm,1.0
Chris,López,02079460958,US,2021-12-01,False,crm,customer757@yahoo.com,True,1,customer757@yahoo.com,"crm,website",2.0
François,Garcia,+15551234567,APAC,2023-11-01,False,crm,customer115@yahoo.com,True,1,customer115@yahoo.com,"crm,website",2.0
Pat,Díaz,+81312345678,US,2022-08-01,False,crm,customer625@yahoo.com,True,1,customer625@yahoo.com,"crm,erp",2.0
Alex,Jones,+442079460958,APAC,2022-08-01,False,crm,customer139@yahoo.com,True,1,customer139@yahoo.com,"crm,website",2.0
Mike,Smith,5551234567,EU,2020-05-01,True,crm,customer664@yahoo.com,True,1,customer664@yahoo.com,"crm,website",2.0
Chris,Jones,+81312345678,US,2020-02-01,False,crm,customer656@company.com,True,1,customer656@company.com,"crm,website",2.0
Mike,Díaz,02079460958,APAC,2020-06-01,False,crm,customer675@gmail.com,True,1,customer675@gmail.com,"crm,website",2.0
André,Jones,+81312345678,US,2021-08-01,True,crm,customer678@gmail.com,True,1,customer678@gmail.com,"crm,website",2.0
José,Brown,5551234567,US,2020-12-01,True,crm,customer143@company.com,True,1,customer143@company.com,crm,1.0
John,Garcia,02079460958,US,2022-06-01,False,crm,customer274@yahoo.com,True,1,customer274@yahoo.com,crm,1.0
John,Martínez,5551234567,EU,2020-01-01,True,crm,customer557@company.com,True,1,customer557@company.com,"crm,website",2.0
Maria,Williams,5551234567,US,2022-01-01,False,crm,customer376@yahoo.com,True,1,customer376@yahoo.com,"crm,website",2.0
Alex,Kim,5551234567,EU,2023-11-01,False,crm,customer461@company.com,True,1,customer461@company.com,"crm,website",2.0
Chris,Wang,5551234567,APAC,2020-09-01,True,crm,customer56@company.com,True,1,customer56@company.com,"crm,website",2.0
Sarah,Kim,+15551234567,EU,2023-11-01,False,crm,customer453@gmail.com,True,1,customer453@gmail.com,"crm,website",2.0
Pat,Smith,+81312345678,EU,2021-01-01,False,crm,customer248@company.com,True,1,customer248@company.com,crm,1.0
André,Díaz,5551234567,US,2022-08-01,False,crm,customer599@company.com,True,1,customer599@company.com,"crm,website",2.0
Léa,González,02079460958,US,2020-12-01,True,crm,customer245@company.com,True,1,customer245@company.com,"crm,website",2.0
Chris,Johnson,+81312345678,EU,2021-07-01,False,crm,customer778@yahoo.com,True,1,customer778@yahoo.com,"crm,website,erp",3.0
Pat,Brown,+442079460958,EU,2023-09-01,True,crm,customer798@gmail.com,True,1,customer798@gmail.com,"crm,erp",2.0
Mike,Johnson,5551234567,APAC,2021-03-01,False,crm,customer777@gmail.com,True,1,customer777@gmail.com,"crm,erp",2.0
Müller,Wang,5551234567,US,2022-04-01,False,crm,customer55@yahoo.com,True,1,customer55@yahoo.com,"crm,erp",2.0
Jane,González,5551234567,EU,2022-10-01,True,crm,customer513@gmail.com,True,1,customer513@gmail.com,"crm,website",2.0
François,Brown,,EU,2020-03-01,False,crm,customer132@gmail.com,True,1,customer132@gmail.com,crm,1.0
Pat,Brown,+15551234567,EU,2023-12-01,False,crm,customer470@company.com,True,1,customer470@company.com,"crm,website",2.0
Mike,Kim,,US,2021-04-01,False,crm,customer285@gmail.com,True,1,customer285@gmail.com,"crm,website",2.0
Léa,Garcia,5551234567,EU,2021-02-01,True,crm,customer310@yahoo.com,True,1,customer310@yahoo.com,"crm,website,erp",3.0
José,Wang,02079460958,EU,2022-11-01,False,crm,customer496@yahoo.com,True,1,customer496@yahoo.com,"crm,website",2.0
Alex,Kim,+81312345678,US,2020-11-01,True,crm,customer565@yahoo.com,True,1,customer565@yahoo.com,"crm,website",2.0
Sarah,Johnson,+15551234567,US,2021-10-01,False,crm,customer715@yahoo.com,True,1,customer715@yahoo.com,"crm,website",2.0
Maria,Jones,+15551234567,EU,2021-11-01,False,crm,customer339@gmail.com,True,1,customer339@gmail.com,crm,1.0
François,González,,EU,2023-11-01,False,crm,customer773@company.com,True,1,customer773@company.com,crm,1.0
André,Wang,+81312345678,EU,2020-09-01,True,crm,customer164@company.com,True,1,customer164@company.com,"crm,website,erp",3.0
François,Wang,5551234567,EU,2021-03-01,False,crm,customer325@yahoo.com,True,1,customer325@yahoo.com,"crm,website,erp",3.0
José,Smith,02079460958,US,2022-05-01,True,crm,customer421@yahoo.com,True,1,customer421@yahoo.com,"crm,website",2.0
José,Brown,5551234567,US,2022-01-01,True,crm,customer391@yahoo.com,True,1,customer391@yahoo.com,"crm,website",2.0
José,Brown,+442079460958,EU,2022-12-01,True,crm,customer237@gmail.com,True,1,customer237@gmail.com,crm,1.0
Pat,López,+81312345678,,2021-04-01,True,crm,customer634@yahoo.com,True,1,customer634@yahoo.com,crm,1.0
Maria,González,,US,2020-09-01,True,crm,customer375@gmail.com,True,1,customer375@gmail.com,"crm,website",2.0
John,Smith,5551234567,APAC,2022-09-01,False,crm,customer443@company.com,True,1,customer443@company.com,"crm,website",2.0
Alex,Williams,+15551234567,APAC,2023-06-01,True,crm,customer607@yahoo.com,True,1,customer607@yahoo.com,"crm,website",2.0
Maria,Johnson,+15551234567,US,2023-06-01,False,crm,customer162@gmail.com,True,1,customer162@gmail.com,"crm,website",2.0
Müller,Garcia,+81312345678,APAC,2021-04-01,True,crm,customer655@yahoo.com,True,1,customer655@yahoo.com,"crm,website,erp",3.0
Léa,López,5551234567,EU,2023-06-01,True,crm,customer695@company.com,True,1,customer695@company.com,"crm,website",2.0
Sarah,Brown,5551234567,APAC,2021-06-01,False,crm,customer648@gmail.com,True,1,customer648@gmail.com,"crm,website",2.0
Jane,Jones,02079460958,EU,2021-02-01,True,crm,customer690@gmail.com,True,1,customer690@gmail.com,"crm,website",2.0
Alex,Martínez,5551234567,US,2020-10-01,True,crm,customer278@company.com,True,1,customer278@company.com,"crm,website",2.0
Sarah,Martínez,+15551234567,US,2022-06-01,False,crm,customer646@yahoo.com,True,1,customer646@yahoo.com,"crm,website,erp",3.0
Jane,Wang,02079460958,EU,2021-11-01,True,crm,customer44@company.com,True,1,customer44@company.com,"crm,website,erp",3.0
Alex,Garcia,02079460958,US,2021-11-01,False,crm,customer671@company.com,True,1,customer671@company.com,"crm,website",2.0
José,Johnson,+442079460958,US,2023-05-01,False,crm,customer356@company.com,True,1,customer356@company.com,"crm,website",2.0
Léa,Díaz,+81312345678,US,2022-06-01,False,crm,customer180@gmail.com,True,1,customer180@gmail.com,"crm,website",2.0
Pat,Wang,5551234567,US,2022-01-01,False,crm,customer691@yahoo.com,True,1,customer691@yahoo.com,"crm,erp",2.0
Léa,Brown,5551234567,EU,2020-05-01,True,crm,customer128@company.com,True,1,customer128@company.com,"crm,website",2.0
Jane,Jones,5551234567,APAC,2020-07-01,True,crm,customer638@company.com,True,1,customer638@company.com,"crm,website",2.0
Maria,Wang,+442079460958,EU,2022-04-01,False,crm,customer10@yahoo.com,True,1,customer10@yahoo.com,crm,1.0
Mike,Garcia,+442079460958,APAC,2020-07-01,True,crm,customer534@gmail.com,True,1,customer534@gmail.com,"crm,website",2.0
Pat,Díaz,5551234567,APAC,2021-02-01,True,crm,customer289@yahoo.com,True,1,customer289@yahoo.com,"crm,website",2.0
Maria,Williams,+442079460958,APAC,2020-02-01,True,crm,customer545@company.com,True,1,customer545@company.com,"crm,website,erp",3.0
Mike,Kim,+442079460958,US,2021-10-01,False,crm,customer296@company.com,True,1,customer296@company.com,crm,1.0
Müller,Johnson,02079460958,EU,2020-11-01,True,crm,customer127@yahoo.com,True,1,customer127@yahoo.com,"crm,website,erp",3.0
O'Brien,Johnson,+15551234567,US,2022-01-01,False,crm,customer473@company.com,True,1,customer473@company.com,"crm,website",2.0
Müller,Garcia,+15551234567,EU,2020-12-01,False,crm,customer145@yahoo.com,True,1,customer145@yahoo.com,"crm,erp",2.0
Chris,Wang,+81312345678,APAC,2022-04-01,False,crm,customer636@gmail.com,True,1,customer636@gmail.com,"crm,website,erp",3.0
Alex,Martínez,+442079460958,EU,2020-06-01,False,crm,customer28@yahoo.com,True,1,customer28@yahoo.com,crm,1.0
Sam,Garcia,5551234567,US,2021-02-01,False,crm,customer20@company.com,True,1,customer20@company.com,crm,1.0
André,López,5551234567,US,2022-03-01,False,crm,customer337@yahoo.com,True,1,customer337@yahoo.com,crm,1.0
Sarah,Williams,+442079460958,APAC,2022-03-01,False,crm,customer280@yahoo.com,True,1,customer280@yahoo.com,"crm,website",2.0
Sam,González,+442079460958,EU,2020-09-01,False,crm,customer508@yahoo.com,True,1,customer508@yahoo.com,"crm,website",2.0
Mike,Garcia,+442079460958,EU,2023-04-01,False,crm,customer188@company.com,True,1,customer188@company.com,"crm,website",2.0
Alex,González,02079460958,US,2020-10-01,False,crm,customer688@yahoo.com,True,1,customer688@yahoo.com,"crm,website",2.0
Sam,Díaz,5551234567,EU,2021-08-01,True,crm,customer229@yahoo.com,True,1,customer229@yahoo.com,"crm,website",2.0
François,Garcia,+81312345678,EU,2021-10-01,False,crm,customer437@company.com,True,1,customer437@company.com,"crm,website,erp",3.0
Müller,Díaz,02079460958,US,2020-05-01,False,crm,customer216@gmail.com,True,1,customer216@gmail.com,crm,1.0
Sarah,Wang,02079460958,EU,2020-08-01,False,crm,customer199@yahoo.com,True,1,customer199@yahoo.com,crm,1.0
François,Kim,02079460958,APAC,2020-10-01,False,crm,customer30@gmail.com,True,1,customer30@gmail.com,"crm,website",2.0
O'Brien,Kim,5551234567,US,2021-05-01,False,crm,customer613@yahoo.com,True,1,customer613@yahoo.com,"crm,website",2.0
André,Kim,+81312345678,EU,2020-10-01,False,crm,customer510@gmail.com,True,1,customer510@gmail.com,"crm,website,erp",3.0
Sam,Martínez,5551234567,EU,2020-05-01,True,crm,customer219@gmail.com,True,1,customer219@gmail.com,crm,1.0
Jane,López,02079460958,EU,2020-05-01,False,crm,customer282@gmail.com,True,1,customer282@gmail.com,"crm,website",2.0
André,Jones,02079460958,US,2021-03-01,False,crm,customer425@company.com,True,1,customer425@company.com,crm,1.0
Maria,Johnson,+81312345678,APAC,2021-07-01,False,crm,customer564@gmail.com,True,1,customer564@gmail.com,"crm,website",2.0
Sarah,Díaz,+442079460958,EU,2023-01-01,False,crm,customer403@yahoo.com,True,1,customer403@yahoo.com,"crm,website",2.0
Chris,Jones,02079460958,EU,2021-09-01,False,crm,customer116@company.com,True,1,customer116@company.com,"crm,website",2.0
O'Brien,Kim,02079460958,APAC,2023-10-01,True,crm,customer330@gmail.com,True,1,customer330@gmail.com,"crm,website,erp",3.0
Sam,Brown,,EU,2023-08-01,False,crm,customer457@yahoo.com,True,1,customer457@yahoo.com,crm,1.0
Alex,Martínez,5551234567,US,2020-02-01,False,crm,customer206@company.com,True,1,customer206@company.com,crm,1.0
O'Brien,González,02079460958,APAC,2022-02-01,True,crm,customer114@gmail.com,True,1,customer114@gmail.com,crm,1.0
Léa,Díaz,+442079460958,US,2022-03-01,False,crm,customer223@yahoo.com,True,1,customer223@yahoo.com,crm,1.0
Sam,Kim,5551234567,EU,2020-11-01,False,crm,customer300@gmail.com,True,1,customer300@gmail.com,"crm,website",2.0
Müller,Díaz,+15551234567,EU,2022-05-01,False,crm,customer349@yahoo.com,True,1,customer349@yahoo.com,"crm,website",2.0
Alex,Wang,+15551234567,US,2021-02-01,False,crm,customer583@yahoo.com,True,1,customer583@yahoo.com,"crm,website,erp",3.0
Maria,López,+442079460958,US,2022-09-01,False,crm,customer37@yahoo.com,True,1,customer37@yahoo.com,"crm,website",2.0
Jane,Jones,+442079460958,US,2021-12-01,True,crm,customer546@gmail.com,True,1,customer546@gmail.com,"crm,website,erp",3.0
John,Martínez,+442079460958,EU,2023-09-01,False,crm,customer677@company.com,True,1,customer677@company.com,"crm,website",2.0
Sam,González,5551234567,EU,2022-12-01,True,crm,customer657@gmail.com,True,1,customer657@gmail.com,"crm,website",2.0
Pat,Wang,5551234567,US,2022-12-01,False,crm,customer317@company.com,True,1,customer317@company.com,"crm,website",2.0
François,Garcia,+81312345678,APAC,2021-10-01,True,crm,customer673@yahoo.com,True,1,customer673@yahoo.com,"crm,website",2.0
Sarah,Garcia,5551234567,APAC,2020-02-01,False,crm,customer782@company.com,True,1,customer782@company.com,crm,1.0
Pat,Díaz,5551234567,US,2020-01-01,False,crm,customer73@yahoo.com,True,1,customer73@yahoo.com,"crm,website",2.0
Sam,Smith,+15551234567,APAC,2023-06-01,False,crm,customer3@gmail.com,True,1,customer3@gmail.com,"crm,website",2.0
Alex,Williams,02079460958,EU,2020-08-01,True,crm,customer730@yahoo.com,True,1,customer730@yahoo.com,"crm,website,erp",3.0
O'Brien,Williams,5551234567,EU,2022-03-01,False,crm,customer177@gmail.com,True,1,customer177@gmail.com,"crm,website,erp",3.0
Léa,Kim,+442079460958,EU,2020-05-01,False,crm,customer482@company.com,True,1,customer482@company.com,"crm,website",2.0
Mike,López,+15551234567,EU,2020-02-01,False,crm,customer261@gmail.com,True,1,customer261@gmail.com,"crm,website",2.0
Müller,Garcia,02079460958,EU,2021-11-01,False,crm,customer347@company.com,True,1,customer347@company.com,"crm,erp",2.0
Müller,Díaz,+81312345678,APAC,2020-04-01,True,crm,customer441@gmail.com,True,1,customer441@gmail.com,crm,1.0
Chris,Brown,+15551234567,US,2020-08-01,False,crm,customer692@company.com,True,1,customer692@company.com,"crm,website",2.0
Mike,Jones,+442079460958,EU,2022-03-01,False,crm,customer335@company.com,True,1,customer335@company.com,"crm,erp",2.0
Pat,López,02079460958,US,2021-06-01,False,crm,customer586@yahoo.com,True,1,customer586@yahoo.com,"crm,website",2.0
François,Johnson,+15551234567,US,2020-07-01,False,crm,customer556@yahoo.com,True,1,customer556@yahoo.com,"crm,website,erp",3.0
Léa,Kim,5551234567,EU,2020-12-01,False,crm,customer641@company.com,True,1,customer641@company.com,crm,1.0
Chris,Williams,02079460958,EU,2021-06-01,True,crm,customer48@gmail.com,True,1,customer48@gmail.com,"crm,website",2.0
Pat,Brown,+442079460958,EU,2021-10-01,True,crm,customer754@yahoo.com,True,1,customer754@yahoo.com,"crm,website",2.0
Sam,Brown,5551234567,EU,2021-06-01,False,crm,customer86@company.com,True,1,customer86@company.com,"crm,website",2.0
François,Jones,+81312345678,EU,2023-04-01,False,crm,customer478@yahoo.com,True,1,customer478@yahoo.com,"crm,website",2.0
Sarah,Williams,02079460958,US,2021-09-01,True,crm,customer160@yahoo.com,True,1,customer160@yahoo.com,"crm,website",2.0
Chris,Johnson,02079460958,EU,2020-07-01,False,crm,customer71@company.com,True,1,customer71@company.com,crm,1.0
Jane,González,+81312345678,US,2022-12-01,False,crm,customer149@company.com,True,1,customer149@company.com,crm,1.0
Pat,Wang,,,2023-02-01,True,crm,customer662@company.com,True,1,customer662@company.com,crm,1.0
Sarah,Jones,5551234567,EU,2022-04-01,True,crm,customer393@gmail.com,True,1,customer393@gmail.com,"crm,website",2.0
John,González,5551234567,APAC,2022-10-01,True,crm,customer50@company.com,True,1,customer50@company.com,"crm,erp",2.0
Pat,Jones,5551234567,APAC,2022-03-01,True,crm,customer431@company.com,True,1,customer431@company.com,"crm,website",2.0
Chris,Martínez,5551234567,US,2022-09-01,False,crm,customer459@gmail.com,True,1,customer459@gmail.com,"crm,erp",2.0
Pat,Johnson,02079460958,APAC,2023-09-01,False,crm,customer90@gmail.com,True,1,customer90@gmail.com,"crm,website",2.0
André,Williams,02079460958,US,2021-09-01,False,crm,customer654@gmail.com,True,1,customer654@gmail.com,"crm,website",2.0
Léa,Wang,,US,2021-08-01,False,crm,customer191@company.com,True,1,customer191@company.com,crm,1.0
Sarah,González,02079460958,EU,2023-09-01,False,crm,customer231@gmail.com,True,1,customer231@gmail.com,crm,1.0
André,Johnson,02079460958,US,2020-06-01,False,crm,customer501@gmail.com,True,1,customer501@gmail.com,"crm,website,erp",3.0
Müller,Williams,5551234567,APAC,2022-08-01,True,crm,customer539@company.com,True,1,customer539@company.com,"crm,website",2.0
José,Díaz,+442079460958,US,2021-06-01,True,crm,customer230@company.com,True,1,customer230@company.com,"crm,website",2.0
Alex,López,5551234567,EU,2022-11-01,False,crm,customer84@gmail.com,True,1,customer84@gmail.com,"crm,website",2.0
André,Garcia,02079460958,US,2021-05-01,True,crm,customer672@gmail.com,True,1,customer672@gmail.com,"crm,website",2.0
José,Wang,5551234567,US,2022-02-01,False,crm,customer522@gmail.com,True,1,customer522@gmail.com,"crm,website",2.0
José,Jones,5551234567,APAC,2020-04-01,False,crm,customer388@yahoo.com,True,1,customer388@yahoo.com,crm,1.0
Chris,Johnson,02079460958,APAC,2021-09-01,False,crm,customer536@company.com,True,1,customer536@company.com,"crm,website",2.0
Chris,Williams,5551234567,APAC,2023-09-01,False,crm,customer772@yahoo.com,True,1,customer772@yahoo.com,crm,1.0
Müller,González,+442079460958,US,2021-07-01,False,crm,customer605@company.com,True,1,customer605@company.com,"crm,website",2.0
Sarah,Kim,5551234567,US,2022-05-01,False,crm,customer386@company.com,True,1,customer386@company.com,"crm,website",2.0
Sarah,Smith,+15551234567,EU,2021-08-01,False,crm,customer716@company.com,True,1,customer716@company.com,"crm,erp",2.0
Müller,Kim,,US,2021-12-01,False,crm,customer497@company.com,True,1,customer497@company.com,crm,1.0
André,Johnson,5551234567,EU,2021-10-01,False,crm,customer645@gmail.com,True,1,customer645@gmail.com,"crm,website,erp",3.0
Sarah,Jones,5551234567,APAC,2021-01-01,False,crm,customer797@company.com,True,1,customer797@company.com,"crm,erp",2.0
Chris,Martínez,+442079460958,EU,2022-01-01,True,crm,customer268@yahoo.com,True,1,customer268@yahoo.com,crm,1.0
Maria,Kim,02079460958,APAC,2020-05-01,True,crm,customer644@company.com,True,1,customer644@company.com,"crm,website",2.0
Léa,Smith,5551234567,APAC,2023-05-01,False,crm,customer306@gmail.com,True,1,customer306@gmail.com,"crm,website",2.0
José,Smith,+15551234567,APAC,2021-02-01,False,crm,customer291@gmail.com,True,1,customer291@gmail.com,"crm,website",2.0
Mike,Kim,+81312345678,US,2023-12-01,False,crm,customer65@company.com,True,1,customer65@company.com,"crm,website,erp",3.0
Léa,Kim,5551234567,EU,2023-11-01,True,crm,customer100@yahoo.com,True,1,customer100@yahoo.com,"crm,website",2.0
José,Díaz,02079460958,US,2021-03-01,False,crm,customer494@company.com,True,1,customer494@company.com,"crm,website",2.0
François,Smith,02079460958,EU,2022-07-01,False,crm,customer593@company.com,True,1,customer593@company.com,"crm,website,erp",3.0
José,Johnson,,US,2022-01-01,True,crm,customer505@yahoo.com,True,1,customer505@yahoo.com,crm,1.0
Alex,López,+81312345678,EU,2022-06-01,False,crm,customer113@company.com,True,1,customer113@company.com,"crm,website",2.0
O'Brien,González,+81312345678,APAC,2020-01-01,False,crm,customer259@yahoo.com,True,1,customer259@yahoo.com,"crm,website",2.0
Sarah,Johnson,,,2021-06-01,False,crm,customer269@company.com,True,1,customer269@company.com,crm,1.0
Sam,Brown,5551234567,US,2020-09-01,False,crm,customer254@company.com,True,1,customer254@company.com,"crm,website,erp",3.0
André,Jones,5551234567,US,2023-12-01,False,crm,customer275@company.com,True,1,customer275@company.com,crm,1.0
Chris,Garcia,+442079460958,EU,2020-09-01,True,crm,customer203@company.com,True,1,customer203@company.com,"crm,website",2.0
Mike,López,5551234567,EU,2022-07-01,True,crm,customer429@gmail.com,True,1,customer429@gmail.com,"crm,website",2.0
Pat,Brown,+442079460958,EU,2023-12-01,False,crm,customer392@company.com,True,1,customer392@company.com,"crm,website",2.0
Chris,González,,US,2023-10-01,False,crm,customer621@gmail.com,True,1,customer621@gmail.com,crm,1.0
O'Brien,González,5551234567,US,2022-06-01,False,crm,customer161@company.com,True,1,customer161@company.com,"crm,website",2.0
Sarah,Smith,5551234567,US,2021-08-01,False,crm,customer514@yahoo.com,True,1,customer514@yahoo.com,"crm,website",2.0
Sam,Díaz,5551234567,EU,2020-04-01,True,crm,customer697@yahoo.com,True,1,customer697@yahoo.com,"crm,website,erp",3.0
Sarah,Williams,+442079460958,EU,2020-12-01,False,crm,customer698@company.com,True,1,customer698@company.com,"crm,website,erp",3.0
Sarah,Wang,+81312345678,APAC,2020-11-01,True,crm,customer328@yahoo.com,True,1,customer328@yahoo.com,"crm,website",2.0
John,Kim,5551234567,US,2023-10-01,False,crm,customer726@gmail.com,True,1,customer726@gmail.com,"crm,website",2.0
John,Wang,+442079460958,US,2023-09-01,False,crm,customer681@gmail.com,True,1,customer681@gmail.com,"crm,website",2.0
O'Brien,Kim,+442079460958,APAC,2022-07-01,False,crm,customer608@company.com,True,1,customer608@company.com,crm,1.0
John,Wang,+442079460958,US,2022-05-01,False,crm,customer47@company.com,True,1,customer47@company.com,"crm,website",2.0
Alex,Johnson,5551234567,EU,2022-04-01,False,crm,customer699@gmail.com,True,1,customer699@gmail.com,"crm,website",2.0
Alex,Díaz,+15551234567,US,2021-04-01,False,crm,customer9@gmail.com,True,1,customer9@gmail.com,"crm,website",2.0
O'Brien,Brown,+442079460958,EU,2022-05-01,False,crm,customer58@yahoo.com,True,1,customer58@yahoo.com,"crm,website,erp",3.0
André,Brown,+442079460958,EU,2020-08-01,True,crm,customer794@company.com,True,1,customer794@company.com,"crm,website",2.0
Jane,Johnson,5551234567,EU,2020-07-01,False,crm,customer32@company.com,True,1,customer32@company.com,"crm,website",2.0
Sarah,Smith,+15551234567,APAC,2022-08-01,True,crm,customer24@gmail.com,True,1,customer24@gmail.com,"crm,website,erp",3.0
John,Johnson,+15551234567,US,2020-09-01,False,crm,customer94@yahoo.com,True,1,customer94@yahoo.com,"crm,erp",2.0
Jane,Kim,02079460958,APAC,2020-05-01,True,crm,customer540@gmail.com,True,1,customer540@gmail.com,"crm,website",2.0
André,López,5551234567,US,2021-02-01,False,crm,customer439@yahoo.com,True,1,customer439@yahoo.com,"crm,website,erp",3.0
Müller,Díaz,5551234567,EU,2021-03-01,False,crm,customer172@yahoo.com,True,1,customer172@yahoo.com,"crm,website",2.0
Chris,González,02079460958,US,2022-05-01,False,crm,customer783@gmail.com,True,1,customer783@gmail.com,"crm,website",2.0
François,Smith,+15551234567,APAC,2020-09-01,False,crm,customer464@company.com,True,1,customer464@company.com,"crm,website",2.0
Jane,López,+15551234567,EU,2021-09-01,False,crm,customer727@yahoo.com,True,1,customer727@yahoo.com,"crm,website",2.0
Jane,Johnson,5551234567,EU,2023-05-01,False,crm,customer212@company.com,True,1,customer212@company.com,"crm,website",2.0
O'Brien,Díaz,+442079460958,EU,2022-02-01,False,crm,customer46@yahoo.com,True,1,customer46@yahoo.com,"crm,website",2.0
Léa,Wang,+15551234567,US,2023-03-01,True,crm,customer414@gmail.com,True,1,customer414@gmail.com,crm,1.0
Sam,López,5551234567,US,2021-07-01,False,crm,customer14@company.com,True,1,customer14@company.com,"crm,website",2.0
Sam,Kim,5551234567,US,2020-03-01,True,crm,customer485@company.com,True,1,customer485@company.com,"crm,website",2.0
Alex,Jones,+81312345678,US,2021-04-01,False,crm,customer746@company.com,True,1,customer746@company.com,"crm,erp",2.0
François,Johnson,5551234567,APAC,2022-07-01,True,crm,customer516@gmail.com,True,1,customer516@gmail.com,"crm,website",2.0
Sarah,Díaz,5551234567,APAC,2023-03-01,False,crm,customer639@gmail.com,True,1,customer639@gmail.com,"crm,erp",2.0
Maria,Smith,+81312345678,US,2020-01-01,False,crm,customer734@company.com,True,1,customer734@company.com,crm,1.0
Sarah,González,+15551234567,APAC,2021-05-01,False,crm,customer22@yahoo.com,True,1,customer22@yahoo.com,"crm,website",2.0
Maria,Kim,5551234567,EU,2022-09-01,False,crm,customer770@company.com,True,1,customer770@company.com,"crm,website,erp",3.0
Sam,Kim,+81312345678,APAC,2021-08-01,False,crm,customer170@company.com,True,1,customer170@company.com,"crm,website,erp",3.0
Müller,Jones,+81312345678,EU,2023-03-01,False,crm,customer27@gmail.com,True,1,customer27@gmail.com,"crm,website",2.0
José,López,,US,2020-01-01,False,crm,customer512@company.com,True,1,customer512@company.com,"crm,erp",2.0
Maria,Johnson,5551234567,APAC,2021-11-01,True,crm,customer387@gmail.com,True,1,customer387@gmail.com,"crm,website",2.0
Maria,Jones,,EU,2023-06-01,False,crm,customer758@company.com,True,1,customer758@company.com,crm,1.0
Müller,González,02079460958,APAC,2023-01-01,False,crm,customer333@gmail.com,True,1,customer333@gmail.com,crm,1.0
Sam,Williams,+442079460958,US,2020-01-01,False,crm,customer54@gmail.com,True,1,customer54@gmail.com,"crm,website",2.0
John,Brown,02079460958,US,2021-06-01,False,crm,customer76@yahoo.com,True,1,customer76@yahoo.com,"crm,website,erp",3.0
O'Brien,López,+442079460958,EU,2023-07-01,False,crm,customer119@company.com,True,1,customer119@company.com,crm,1.0
François,Jones,5551234567,APAC,2023-08-01,False,crm,customer96@gmail.com,True,1,customer96@gmail.com,"crm,erp",2.0
Léa,Díaz,+15551234567,EU,2021-12-01,False,crm,customer217@yahoo.com,True,1,customer217@yahoo.com,"crm,website",2.0
Maria,González,+442079460958,APAC,2023-09-01,True,crm,customer225@gmail.com,True,1,customer225@gmail.com,"crm,website",2.0
Mike,Wang,+15551234567,APAC,2023-04-01,False,crm,customer511@yahoo.com,True,1,customer511@yahoo.com,"crm,website",2.0
John,López,02079460958,US,2021-03-01,False,crm,customer792@gmail.com,True,1,customer792@gmail.com,"crm,website,erp",3.0
Sarah,Smith,,US,2023-09-01,False,crm,customer489@gmail.com,True,1,customer489@gmail.com,crm,1.0
Pat,Martínez,5551234567,APAC,2020-09-01,False,crm,customer122@company.com,True,1,customer122@company.com,"crm,website",2.0
André,López,,EU,2023-09-01,False,crm,customer704@company.com,True,1,customer704@company.com,crm,1.0
Mike,Kim,5551234567,US,2021-11-01,False,crm,customer463@yahoo.com,True,1,customer463@yahoo.com,"crm,erp",2.0
Müller,Kim,02079460958,EU,2020-10-01,True,crm,customer0@gmail.com,True,1,customer0@gmail.com,"crm,website",2.0
Müller,Williams,+442079460958,US,2023-06-01,False,crm,customer755@company.com,True,1,customer755@company.com,"crm,website,erp",3.0
Sarah,Garcia,,APAC,2022-05-01,False,crm,customer35@company.com,True,1,customer35@company.com,crm,1.0
Sarah,Smith,+81312345678,APAC,2022-12-01,False,crm,customer141@gmail.com,True,1,customer141@gmail.com,"crm,website,erp",3.0
Müller,Martínez,5551234567,US,2020-06-01,True,crm,customer438@gmail.com,True,1,customer438@gmail.com,crm,1.0
Mike,Johnson,+442079460958,US,2023-10-01,True,crm,customer747@gmail.com,True,1,customer747@gmail.com,"crm,website",2.0
Sam,Wang,02079460958,EU,2023-07-01,False,crm,customer207@gmail.com,True,1,customer207@gmail.com,"crm,erp",2.0
Müller,Williams,02079460958,EU,2023-12-01,False,crm,customer710@company.com,True,1,customer710@company.com,crm,1.0
François,Martínez,+15551234567,EU,2021-05-01,True,crm,customer669@gmail.com,True,1,customer669@gmail.com,"crm,website",2.0
Alex,Johnson,02079460958,APAC,2020-06-01,False,crm,customer500@company.com,True,1,customer500@company.com,"crm,website",2.0
Maria,Garcia,+442079460958,EU,2023-09-01,False,crm,customer674@company.com,True,1,customer674@company.com,"crm,website",2.0
François,González,5551234567,US,2021-10-01,True,crm,customer211@yahoo.com,True,1,customer211@yahoo.com,"crm,website",2.0
André,González,5551234567,US,2020-09-01,True,crm,customer465@gmail.com,True,1,customer465@gmail.com,"crm,website,erp",3.0
Maria,Williams,+442079460958,EU,2021-10-01,True,crm,customer81@gmail.com,True,1,customer81@gmail.com,"crm,website,erp",3.0
Alex,Garcia,,APAC,2021-03-01,False,crm,customer448@yahoo.com,True,1,customer448@yahoo.com,crm,1.0
Alex,López,+442079460958,US,2022-03-01,True,crm,customer532@yahoo.com,True,1,customer532@yahoo.com,"crm,website",2.0
Pat,Díaz,+15551234567,US,2021-09-01,False,crm,customer222@gmail.com,True,1,customer222@gmail.com,"crm,website",2.0
O'Brien,González,+81312345678,EU,2021-04-01,False,crm,customer444@gmail.com,True,1,customer444@gmail.com,"crm,website",2.0
Sam,Smith,02079460958,EU,2020-10-01,False,crm,customer582@gmail.com,True,1,customer582@gmail.com,"crm,erp",2.0
John,Smith,5551234567,US,2022-03-01,False,crm,customer301@yahoo.com,True,1,customer301@yahoo.com,"crm,website",2.0
Léa,Brown,+81312345678,APAC,2021-06-01,False,crm,customer233@company.com,True,1,customer233@company.com,"crm,website",2.0
Maria,Kim,+81312345678,US,2022-08-01,False,crm,customer765@gmail.com,True,1,customer765@gmail.com,crm,1.0
François,Wang,+15551234567,,2020-07-01,False,crm,customer549@gmail.com,True,1,customer549@gmail.com,"crm,erp",2.0
Mike,Jones,+15551234567,APAC,2022-12-01,False,crm,customer174@gmail.com,True,1,customer174@gmail.com,"crm,website",2.0
O'Brien,Brown,02079460958,EU,2022-05-01,False,crm,customer224@company.com,True,1,customer224@company.com,"crm,website",2.0
O'Brien,Williams,+15551234567,US,2020-12-01,False,crm,customer75@gmail.com,True,1,customer75@gmail.com,crm,1.0
Sarah,Garcia,5551234567,US,2022-04-01,False,crm,customer159@gmail.com,True,1,customer159@gmail.com,"crm,website",2.0
José,González,+15551234567,EU,2021-07-01,True,crm,customer234@gmail.com,True,1,customer234@gmail.com,"crm,website,erp",3.0
John,Johnson,+15551234567,EU,2022-10-01,False,crm,customer618@gmail.com,True,1,customer618@gmail.com,"crm,website,erp",3.0
Sam,Johnson,5551234567,EU,2023-11-01,False,crm,customer456@gmail.com,True,1,customer456@gmail.com,"crm,website",2.0
Sam,Johnson,+81312345678,US,2020-02-01,False,crm,customer705@gmail.com,True,1,customer705@gmail.com,crm,1.0
José,González,02079460958,APAC,2021-11-01,False,crm,customer243@gmail.com,True,1,customer243@gmail.com,crm,1.0
Alex,González,5551234567,US,2020-07-01,True,crm,customer154@yahoo.com,True,1,customer154@yahoo.com,"crm,website,erp",3.0
Alex,Johnson,+442079460958,APAC,2023-03-01,True,crm,customer338@company.com,True,1,customer338@company.com,"crm,website",2.0
Müller,Díaz,02079460958,US,2021-09-01,False,crm,customer103@yahoo.com,True,1,customer103@yahoo.com,"crm,website",2.0
Chris,Williams,5551234567,US,2022-12-01,False,crm,customer731@company.com,True,1,customer731@company.com,crm,1.0
Léa,Jones,+15551234567,APAC,2021-05-01,False,crm,customer653@company.com,True,1,customer653@company.com,"crm,erp",2.0
Sam,Wang,,APAC,2021-12-01,True,crm,customer683@company.com,True,1,customer683@company.com,crm,1.0
Alex,Brown,02079460958,US,2023-11-01,False,crm,customer435@gmail.com,True,1,customer435@gmail.com,crm,1.0
Chris,Martínez,+442079460958,EU,2022-02-01,False,crm,customer652@yahoo.com,True,1,customer652@yahoo.com,"crm,website",2.0
André,González,5551234567,US,2022-01-01,False,crm,customer176@company.com,True,1,customer176@company.com,"crm,website,erp",3.0
Mike,Williams,+15551234567,APAC,2023-07-01,False,crm,customer331@yahoo.com,True,1,customer331@yahoo.com,"crm,website,erp",3.0
Maria,Jones,+15551234567,APAC,2023-06-01,True,crm,customer342@gmail.com,True,1,customer342@gmail.com,"crm,website,erp",3.0
Sam,Wang,5551234567,EU,2020-05-01,False,crm,customer568@yahoo.com,True,1,customer568@yahoo.com,"crm,website",2.0
Maria,Williams,+81312345678,EU,2022-05-01,False,crm,customer348@gmail.com,True,1,customer348@gmail.com,"crm,website,erp",3.0
Pat,Johnson,,US,2020-07-01,False,crm,customer642@gmail.com,True,1,customer642@gmail.com,crm,1.0
John,Díaz,,APAC,2022-11-01,True,crm,customer208@yahoo.com,True,1,customer208@yahoo.com,"crm,website",2.0
Chris,Jones,02079460958,US,2020-12-01,True,crm,customer663@gmail.com,True,1,customer663@gmail.com,"crm,website",2.0
François,Wang,,EU,2021-02-01,False,crm,customer284@company.com,True,1,customer284@company.com,crm,1.0
Chris,Díaz,,APAC,2022-02-01,False,crm,customer395@company.com,True,1,customer395@company.com,crm,1.0
Léa,Kim,5551234567,US,2022-10-01,False,crm,customer329@company.com,True,1,customer329@company.com,crm,1.0
André,Wang,02079460958,US,2021-02-01,False,crm,customer615@gmail.com,True,1,customer615@gmail.com,"crm,website",2.0
Chris,Johnson,,EU,2021-04-01,False,crm,customer380@company.com,True,1,customer380@company.com,crm,1.0
François,Kim,+15551234567,APAC,2023-05-01,False,crm,customer201@gmail.com,True,1,customer201@gmail.com,"crm,website",2.0
Sam,Brown,,APAC,2021-01-01,False,crm,customer401@company.com,True,1,customer401@company.com,crm,1.0
Chris,Martínez,+15551234567,APAC,2023-09-01,False,crm,customer70@yahoo.com,True,1,customer70@yahoo.com,crm,1.0
Sarah,Brown,5551234567,US,2021-12-01,True,crm,customer519@gmail.com,True,1,customer519@gmail.com,"crm,website",2.0
Sam,Díaz,02079460958,EU,2020-04-01,True,crm,customer276@gmail.com,True,1,customer276@gmail.com,"crm,website",2.0
Müller,Garcia,+442079460958,US,2021-09-01,False,crm,customer319@yahoo.com,True,1,customer319@yahoo.com,"crm,website",2.0
José,Williams,+442079460958,APAC,2023-01-01,False,crm,customer98@company.com,True,1,customer98@company.com,"crm,website",2.0
François,López,02079460958,EU,2021-05-01,True,crm,customer19@yahoo.com,True,1,customer19@yahoo.com,"crm,website",2.0
François,González,+15551234567,EU,2023-10-01,False,crm,customer277@yahoo.com,True,1,customer277@yahoo.com,"crm,website,erp",3.0
Alex,Wang,5551234567,APAC,2021-11-01,False,crm,customer324@gmail.com,True,1,customer324@gmail.com,"crm,website",2.0
Mike,López,+442079460958,APAC,2021-10-01,True,crm,customer788@company.com,True,1,customer788@company.com,"crm,website",2.0
Mike,Wang,5551234567,US,2020-03-01,True,crm,customer358@yahoo.com,True,1,customer358@yahoo.com,"crm,website",2.0
Müller,Brown,+81312345678,APAC,2021-09-01,True,crm,customer413@company.com,True,1,customer413@company.com,"crm,website",2.0
John,Wang,5551234567,US,2020-09-01,True,crm,customer680@company.com,True,1,customer680@company.com,"crm,website",2.0
Müller,Smith,02079460958,US,2022-05-01,False,crm,customer667@yahoo.com,True,1,customer667@yahoo.com,"crm,website",2.0
Léa,López,+81312345678,US,2020-02-01,False,crm,customer620@company.com,True,1,customer620@company.com,"crm,website",2.0
Sarah,Wang,5551234567,US,2023-05-01,False,crm,customer13@yahoo.com,True,1,customer13@yahoo.com,"crm,website",2.0
Sam,Jones,02079460958,EU,2020-10-01,True,crm,customer486@gmail.com,True,1,customer486@gmail.com,"crm,website",2.0
Alex,Garcia,+81312345678,EU,2021-06-01,False,crm,customer515@company.com,True,1,customer515@company.com,"crm,website,erp",3.0
John,González,02079460958,US,2023-05-01,False,crm,customer336@gmail.com,True,1,customer336@gmail.com,"crm,website",2.0
Mike,Garcia,,EU,2021-06-01,False,crm,customer69@gmail.com,True,1,customer69@gmail.com,crm,1.0
Léa,Garcia,+442079460958,APAC,2023-10-01,False,crm,customer686@company.com,True,1,customer686@company.com,"crm,website",2.0
José,Smith,+442079460958,APAC,2022-01-01,False,crm,customer59@company.com,True,1,customer59@company.com,crm,1.0
Chris,López,+81312345678,EU,2020-09-01,False,crm,customer570@gmail.com,True,1,customer570@gmail.com,"crm,website",2.0
Chris,Wang,,,2023-01-01,False,crm,customer327@gmail.com,True,1,customer327@gmail.com,crm,1.0
John,Johnson,,US,2021-09-01,False,crm,customer315@gmail.com,True,1,customer315@gmail.com,crm,1.0
Léa,Kim,+15551234567,EU,2023-02-01,False,crm,customer419@company.com,True,1,customer419@company.com,"crm,website,erp",3.0
John,Garcia,5551234567,EU,2023-01-01,False,crm,customer87@gmail.com,True,1,customer87@gmail.com,"crm,website",2.0
John,Jones,+15551234567,EU,2020-11-01,False,crm,customer111@gmail.com,True,1,customer111@gmail.com,"crm,website,erp",3.0
Alex,Williams,5551234567,US,2023-03-01,False,crm,customer405@gmail.com,True,1,customer405@gmail.com,crm,1.0
Müller,Smith,02079460958,US,2021-06-01,False,crm,customer121@yahoo.com,True,1,customer121@yahoo.com,"crm,website,erp",3.0
Sarah,Williams,+442079460958,US,2020-11-01,False,crm,customer165@gmail.com,True,1,customer165@gmail.com,"crm,website",2.0
John,Johnson,5551234567,US,2020-09-01,False,crm,customer426@gmail.com,True,1,customer426@gmail.com,"crm,website",2.0
Léa,Williams,02079460958,,2023-01-01,False,crm,customer72@gmail.com,True,1,customer72@gmail.com,"crm,website",2.0
José,Martínez,+81312345678,US,2023-10-01,True,crm,customer760@yahoo.com,True,1,customer760@yahoo.com,"crm,website,erp",3.0
Chris,Jones,5551234567,EU,2023-10-01,True,crm,customer600@gmail.com,True,1,customer600@gmail.com,"crm,website",2.0
Alex,Díaz,5551234567,US,2020-08-01,True,crm,customer742@yahoo.com,True,1,customer742@yahoo.com,"crm,erp",2.0
Chris,Johnson,5551234567,US,2020-01-01,False,crm,customer446@company.com,True,1,customer446@company.com,"crm,erp",2.0
Maria,López,02079460958,APAC,2022-07-01,False,crm,customer736@yahoo.com,True,1,customer736@yahoo.com,"crm,website",2.0
Sam,Johnson,+81312345678,US,2023-03-01,False,crm,customer780@gmail.com,True,1,customer780@gmail.com,"crm,website",2.0
Müller,Williams,5551234567,US,2021-09-01,True,crm,customer186@gmail.com,True,1,customer186@gmail.com,"crm,website",2.0
Pat,Martínez,+15551234567,EU,2020-04-01,False,crm,customer66@gmail.com,True,1,customer66@gmail.com,crm,1.0
André,Wang,02079460958,EU,2021-12-01,False,crm,customer750@gmail.com,True,1,customer750@gmail.com,"crm,website,erp",3.0
O'Brien,Johnson,+15551234567,EU,2021-01-01,False,crm,customer167@company.com,True,1,customer167@company.com,"crm,website",2.0
François,Wang,+15551234567,US,2021-07-01,True,crm,customer573@gmail.com,True,1,customer573@gmail.com,"crm,website,erp",3.0
Pat,Martínez,+442079460958,APAC,2023-06-01,True,crm,customer29@company.com,True,1,customer29@company.com,"crm,website",2.0
François,Jones,5551234567,US,2021-03-01,False,crm,customer776@company.com,True,1,customer776@company.com,"crm,website",2.0
Sam,López,+15551234567,US,2021-02-01,True,crm,customer411@gmail.com,True,1,customer411@gmail.com,"crm,website,erp",3.0
O'Brien,Williams,+442079460958,US,2021-04-01,False,crm,customer106@yahoo.com,True,1,customer106@yahoo.com,"crm,website",2.0
Léa,Smith,+81312345678,EU,2022-03-01,False,crm,customer537@gmail.com,True,1,customer537@gmail.com,crm,1.0
Sam,González,+81312345678,US,2023-09-01,False,crm,customer350@company.com,True,1,customer350@company.com,crm,1.0
Pat,Kim,,US,2020-05-19,False,website,customer547@yahoo.com,True,2,customer547@yahoo.com,website,1.0
Maria,Jones,5551234567,APAC,2020-05-20,False,website,customer169@yahoo.com,True,2,customer169@yahoo.com,"website,erp",2.0
Léa,Kim,+81312345678,EU,2020-05-18,True,website,customer136@yahoo.com,True,2,customer136@yahoo.com,website,1.0
John,Martínez,5551234567,APAC,2020-05-15,False,website,customer140@company.com,True,2,customer140@company.com,"website,erp",2.0
François,López,+81312345678,EU,2020-05-19,False,website,customer155@company.com,True,2,customer155@company.com,website,1.0
Alex,Garcia,+15551234567,US,2020-05-18,False,website,customer43@yahoo.com,True,2,customer43@yahoo.com,"website,erp",2.0
Mike,Díaz,02079460958,APAC,2020-05-17,False,website,customer38@company.com,True,2,customer38@company.com,"website,erp",2.0
John,González,02079460958,EU,2020-05-18,False,website,customer753@gmail.com,True,2,customer753@gmail.com,website,1.0
John,Williams,02079460958,EU,2020-05-17,False,website,customer592@yahoo.com,True,2,customer592@yahoo.com,"website,erp",2.0
Sam,Wang,,APAC,2020-05-16,False,website,customer351@gmail.com,True,2,customer351@gmail.com,website,1.0
Alex,Smith,+442079460958,,2020-05-16,False,website,customer477@gmail.com,True,2,customer477@gmail.com,website,1.0
Maria,Smith,02079460958,US,2020-05-16,False,website,customer7@yahoo.com,True,2,customer7@yahoo.com,"website,erp",2.0
Alex,Díaz,+81312345678,EU,2020-05-16,True,website,customer361@yahoo.com,True,2,customer361@yahoo.com,website,1.0
José,Johnson,+81312345678,US,2020-05-18,True,website,customer92@company.com,True,2,customer92@company.com,website,1.0
Pat,Wang,02079460958,EU,2020-05-20,True,website,customer763@yahoo.com,True,2,customer763@yahoo.com,website,1.0
Pat,Williams,+442079460958,APAC,2020-05-25,False,website,customer628@yahoo.com,True,2,customer628@yahoo.com,website,1.0
André,González,+81312345678,EU,2020-05-24,False,website,customer752@company.com,True,2,customer752@company.com,website,1.0
John,Garcia,5551234567,US,2020-05-24,False,website,customer326@company.com,True,2,customer326@company.com,"website,erp",2.0
Mike,Díaz,02079460958,APAC,2020-05-24,True,website,customer604@yahoo.com,True,2,customer604@yahoo.com,"website,erp",2.0
Chris,Johnson,02079460958,APAC,2020-05-23,False,website,customer498@gmail.com,True,2,customer498@gmail.com,website,1.0
Mike,Johnson,+81312345678,EU,2020-05-23,True,website,customer666@gmail.com,True,2,customer666@gmail.com,website,1.0
José,González,+442079460958,EU,2020-05-20,False,website,customer321@gmail.com,True,2,customer321@gmail.com,"website,erp",2.0
Pat,López,,EU,2020-05-23,False,website,customer246@gmail.com,True,2,customer246@gmail.com,website,1.0
John,Johnson,+81312345678,US,2020-05-22,False,website,customer264@gmail.com,True,2,customer264@gmail.com,"website,erp",2.0
André,Jones,5551234567,APAC,2020-05-22,True,website,customer739@yahoo.com,True,2,customer739@yahoo.com,"website,erp",2.0
Pat,Brown,+442079460958,EU,2020-05-22,False,website,customer450@gmail.com,True,2,customer450@gmail.com,website,1.0
Mike,Jones,+81312345678,APAC,2020-05-21,False,website,customer789@gmail.com,True,2,customer789@gmail.com,website,1.0
Maria,Garcia,5551234567,EU,2020-05-21,False,website,customer602@company.com,True,2,customer602@company.com,website,1.0
Pat,Wang,+15551234567,US,2020-05-21,True,website,customer455@company.com,True,2,customer455@company.com,"website,erp",2.0
Mike,González,5551234567,EU,2020-05-23,False,website,customer759@gmail.com,True,2,customer759@gmail.com,website,1.0
Léa,González,+15551234567,EU,2020-05-10,False,website,customer491@company.com,True,2,customer491@company.com,website,1.0
Chris,Martínez,+15551234567,APAC,2020-05-15,False,website,customer244@yahoo.com,True,2,customer244@yahoo.com,"website,erp",2.0
Alex,Díaz,,EU,2020-05-09,True,website,customer751@yahoo.com,True,2,customer751@yahoo.com,website,1.0
Pat,Smith,+442079460958,EU,2020-05-09,False,website,customer720@gmail.com,True,2,customer720@gmail.com,website,1.0
Léa,López,+15551234567,US,2020-05-09,False,website,customer619@yahoo.com,True,2,customer619@yahoo.com,"website,erp",2.0
Léa,Brown,+442079460958,EU,2020-05-08,False,website,customer492@gmail.com,True,2,customer492@gmail.com,website,1.0
John,Williams,,US,2020-05-08,False,website,customer427@yahoo.com,True,2,customer427@yahoo.com,website,1.0
Jane,López,,US,2020-05-08,True,website,customer517@yahoo.com,True,2,customer517@yahoo.com,website,1.0
Müller,Brown,+442079460958,APAC,2020-05-07,False,website,customer2@company.com,True,2,customer2@company.com,website,1.0
Mike,Martínez,02079460958,EU,2020-05-07,False,website,customer733@yahoo.com,True,2,customer733@yahoo.com,website,1.0
Chris,Smith,,EU,2020-05-07,False,website,customer589@yahoo.com,True,2,customer589@yahoo.com,website,1.0
Maria,Johnson,02079460958,EU,2020-05-06,False,website,customer597@gmail.com,True,2,customer597@gmail.com,website,1.0
Maria,González,5551234567,APAC,2020-05-06,False,website,customer293@company.com,True,2,customer293@company.com,website,1.0
Chris,Smith,+81312345678,US,2020-05-06,False,website,customer389@company.com,True,2,customer389@company.com,website,1.0
André,Williams,5551234567,APAC,2020-05-05,False,website,customer452@company.com,True,2,customer452@company.com,website,1.0
François,Brown,,APAC,2020-05-25,False,website,customer624@gmail.com,True,2,customer624@gmail.com,website,1.0
Léa,Kim,+81312345678,US,2020-05-09,False,website,customer332@company.com,True,2,customer332@company.com,website,1.0
Alex,Smith,+81312345678,US,2020-05-10,False,website,customer49@yahoo.com,True,2,customer49@yahoo.com,website,1.0
John,Jones,+442079460958,EU,2020-05-14,True,website,customer272@company.com,True,2,customer272@company.com,"website,erp",2.0
Léa,Brown,5551234567,EU,2020-05-14,True,website,customer353@company.com,True,2,customer353@company.com,"website,erp",2.0
Mike,Kim,02079460958,US,2020-05-14,False,website,customer124@yahoo.com,True,2,customer124@yahoo.com,website,1.0
Maria,Martínez,+442079460958,US,2020-05-13,True,website,customer153@gmail.com,True,2,customer153@gmail.com,"website,erp",2.0
José,Kim,5551234567,APAC,2020-05-13,True,website,customer18@gmail.com,True,2,customer18@gmail.com,"website,erp",2.0
Alex,González,5551234567,APAC,2020-05-13,False,website,customer273@gmail.com,True,2,customer273@gmail.com,website,1.0
John,Martínez,+442079460958,APAC,2020-05-15,False,website,customer449@company.com,True,2,customer449@company.com,website,1.0
Alex,Williams,+81312345678,APAC,2020-05-12,False,website,customer89@company.com,True,2,customer89@company.com,website,1.0
Chris,González,+15551234567,EU,2020-05-11,False,website,customer559@yahoo.com,True,2,customer559@yahoo.com,"website,erp",2.0
Sarah,González,+81312345678,US,2020-05-11,False,website,customer251@company.com,True,2,customer251@company.com,"website,erp",2.0
Sarah,Wang,+442079460958,EU,2020-05-11,False,website,customer579@gmail.com,True,2,customer579@gmail.com,"website,erp",2.0
André,López,+15551234567,US,2020-05-11,False,website,customer271@yahoo.com,True,2,customer271@yahoo.com,"website,erp",2.0
Sam,González,5551234567,US,2020-05-10,False,website,customer581@company.com,True,2,customer581@company.com,website,1.0
Sarah,Williams,+442079460958,US,2020-06-09,True,website,customer253@yahoo.com,True,2,customer253@yahoo.com,website,1.0
Léa,Jones,5551234567,APAC,2020-06-08,True,website,customer580@yahoo.com,True,2,customer580@yahoo.com,website,1.0
François,González,+15551234567,APAC,2020-06-08,True,website,customer627@gmail.com,True,2,customer627@gmail.com,website,1.0
Sam,Williams,5551234567,US,2020-06-08,False,website,customer247@yahoo.com,True,2,customer247@yahoo.com,website,1.0
O'Brien,Williams,+81312345678,US,2020-06-07,False,website,customer535@yahoo.com,True,2,customer535@yahoo.com,website,1.0
Sam,Williams,5551234567,EU,2020-06-07,True,website,customer163@yahoo.com,True,2,customer163@yahoo.com,"website,erp",2.0
Mike,Garcia,02079460958,,2020-06-06,False,website,customer39@gmail.com,True,2,customer39@gmail.com,"website,erp",2.0
Alex,Jones,5551234567,APAC,2020-06-06,False,website,customer366@gmail.com,True,2,customer366@gmail.com,"website,erp",2.0
Müller,Johnson,,US,2020-06-06,False,website,customer706@yahoo.com,True,2,customer706@yahoo.com,website,1.0
François,Martínez,5551234567,EU,2020-06-10,True,website,customer649@yahoo.com,True,2,customer649@yahoo.com,website,1.0
Maria,Brown,5551234567,APAC,2020-06-10,False,website,customer679@yahoo.com,True,2,customer679@yahoo.com,"website,erp",2.0
Pat,Brown,+81312345678,EU,2020-06-10,False,website,customer390@gmail.com,True,2,customer390@gmail.com,"website,erp",2.0
Pat,Johnson,+81312345678,APAC,2020-06-11,False,website,customer614@company.com,True,2,customer614@company.com,website,1.0
Chris,Brown,+81312345678,EU,2020-05-05,False,website,customer572@company.com,True,2,customer572@company.com,website,1.0
José,Smith,5551234567,EU,2020-06-15,False,website,customer550@yahoo.com,True,2,customer550@yahoo.com,website,1.0
Müller,González,+442079460958,EU,2020-06-15,False,website,customer378@gmail.com,True,2,customer378@gmail.com,website,1.0
Alex,Jones,+15551234567,EU,2020-06-14,False,website,customer495@gmail.com,True,2,customer495@gmail.com,website,1.0
Maria,González,02079460958,APAC,2020-06-14,False,website,customer381@gmail.com,True,2,customer381@gmail.com,"website,erp",2.0
John,Johnson,+15551234567,US,2020-06-14,False,website,customer184@yahoo.com,True,2,customer184@yahoo.com,website,1.0
Müller,Wang,+442079460958,US,2020-06-14,False,website,customer205@yahoo.com,True,2,customer205@yahoo.com,website,1.0
Alex,Williams,5551234567,APAC,2020-06-14,False,website,customer410@company.com,True,2,customer410@company.com,website,1.0
Alex,González,5551234567,EU,2020-06-13,False,website,customer701@company.com,True,2,customer701@company.com,website,1.0
O'Brien,Kim,5551234567,US,2020-06-13,True,website,customer541@yahoo.com,True,2,customer541@yahoo.com,website,1.0
Mike,Williams,+442079460958,US,2020-06-13,False,website,customer168@gmail.com,True,2,customer168@gmail.com,website,1.0
André,Jones,+442079460958,APAC,2020-06-12,False,website,customer341@company.com,True,2,customer341@company.com,"website,erp",2.0
Müller,López,+442079460958,APAC,2020-06-11,False,website,customer383@company.com,True,2,customer383@company.com,website,1.0
José,Martínez,02079460958,EU,2020-06-11,False,website,customer316@yahoo.com,True,2,customer316@yahoo.com,"website,erp",2.0
Chris,López,+81312345678,US,2020-06-13,False,website,customer305@company.com,True,2,customer305@company.com,website,1.0
Jane,Martínez,,EU,2020-06-05,True,website,customer270@gmail.com,True,2,customer270@gmail.com,website,1.0
François,Díaz,+81312345678,APAC,2020-06-05,False,website,customer504@gmail.com,True,2,customer504@gmail.com,website,1.0
André,Williams,,APAC,2020-05-30,True,website,customer708@gmail.com,True,2,customer708@gmail.com,"website,erp",2.0
Jane,Martínez,+81312345678,APAC,2020-05-30,False,website,customer732@gmail.com,True,2,customer732@gmail.com,website,1.0
Sam,Garcia,+442079460958,EU,2020-05-30,False,website,customer748@yahoo.com,True,2,customer748@yahoo.com,"website,erp",2.0
Sam,Brown,+81312345678,US,2020-05-29,False,website,customer400@yahoo.com,True,2,customer400@yahoo.com,website,1.0
John,Jones,+442079460958,US,2020-05-29,False,website,customer192@gmail.com,True,2,customer192@gmail.com,website,1.0
Sarah,Garcia,+15551234567,APAC,2020-05-29,True,website,customer104@company.com,True,2,customer104@company.com,"website,erp",2.0
Jane,Smith,+81312345678,APAC,2020-05-29,False,website,customer40@yahoo.com,True,2,customer40@yahoo.com,website,1.0
Sarah,Johnson,5551234567,APAC,2020-05-29,False,website,customer714@gmail.com,True,2,customer714@gmail.com,"website,erp",2.0
François,Brown,02079460958,US,2020-05-29,False,website,customer314@company.com,True,2,customer314@company.com,website,1.0
Alex,Johnson,5551234567,EU,2020-05-28,False,website,customer265@yahoo.com,True,2,customer265@yahoo.com,"website,erp",2.0
Léa,González,+15551234567,,2020-05-28,False,website,customer57@gmail.com,True,2,customer57@gmail.com,website,1.0
Sam,Johnson,+15551234567,EU,2020-05-28,False,website,customer768@gmail.com,True,2,customer768@gmail.com,website,1.0
Alex,López,5551234567,EU,2020-05-27,False,website,customer323@company.com,True,2,customer323@company.com,website,1.0
François,López,+442079460958,EU,2020-05-26,True,website,customer684@gmail.com,True,2,customer684@gmail.com,website,1.0
Müller,Williams,+81312345678,EU,2020-05-26,False,website,customer16@yahoo.com,True,2,customer16@yahoo.com,website,1.0
Léa,Johnson,+15551234567,APAC,2020-05-31,False,website,customer255@gmail.com,True,2,customer255@gmail.com,website,1.0
Alex,Brown,02079460958,US,2020-05-31,False,website,customer650@company.com,True,2,customer650@company.com,"website,erp",2.0
Müller,Jones,+15551234567,EU,2020-05-31,False,website,customer660@gmail.com,True,2,customer660@gmail.com,website,1.0
Maria,Johnson,+81312345678,APAC,2020-06-05,False,website,customer493@yahoo.com,True,2,customer493@yahoo.com,website,1.0
Léa,Martínez,+15551234567,APAC,2020-06-04,False,website,customer367@yahoo.com,True,2,customer367@yahoo.com,"website,erp",2.0
Alex,Wang,5551234567,EU,2020-06-04,True,website,customer552@gmail.com,True,2,customer552@gmail.com,website,1.0
John,Brown,+442079460958,EU,2020-06-04,False,website,customer220@yahoo.com,True,2,customer220@yahoo.com,"website,erp",2.0
Sarah,Díaz,+81312345678,US,2020-06-03,True,website,customer108@gmail.com,True,2,customer108@gmail.com,website,1.0
Sam,González,+81312345678,US,2020-06-03,False,website,customer398@company.com,True,2,customer398@company.com,website,1.0
Jane,López,5551234567,APAC,2020-06-05,True,website,customer474@gmail.com,True,2,customer474@gmail.com,website,1.0
Sarah,Kim,,APAC,2020-06-03,True,website,customer790@yahoo.com,True,2,customer790@yahoo.com,"website,erp",2.0
Alex,Wang,5551234567,US,2020-06-02,True,website,customer551@company.com,True,2,customer551@company.com,website,1.0
Pat,Johnson,+442079460958,EU,2020-06-01,True,website,customer302@company.com,True,2,customer302@company.com,"website,erp",2.0
John,Wang,+15551234567,APAC,2020-06-01,True,website,customer198@gmail.com,True,2,customer198@gmail.com,website,1.0
Alex,Kim,+442079460958,US,2020-05-31,False,website,customer281@company.com,True,2,customer281@company.com,"website,erp",2.0
John,Jones,+81312345678,US,2020-05-31,False,website,customer587@company.com,True,2,customer587@company.com,website,1.0
Mike,Martínez,+442079460958,EU,2020-06-02,False,website,customer131@company.com,True,2,customer131@company.com,"website,erp",2.0
José,Garcia,5551234567,EU,2020-05-05,False,website,customer735@gmail.com,True,2,customer735@gmail.com,"website,erp",2.0
Léa,López,02079460958,EU,2020-05-25,False,website,customer610@yahoo.com,True,2,customer610@yahoo.com,website,1.0
Müller,Smith,+81312345678,EU,2020-05-04,False,website,customer737@company.com,True,2,customer737@company.com,website,1.0
François,Martínez,02079460958,EU,2020-02-12,False,website,customer384@gmail.com,True,2,customer384@gmail.com,website,1.0
André,Martínez,,APAC,2020-02-11,False,website,customer299@company.com,True,2,customer299@company.com,website,1.0
Léa,Garcia,,US,2020-02-11,True,website,customer382@yahoo.com,True,2,customer382@yahoo.com,website,1.0
Pat,Brown,+81312345678,US,2020-02-11,True,website,customer340@yahoo.com,True,2,customer340@yahoo.com,"website,erp",2.0
Chris,Jones,5551234567,EU,2020-02-10,False,website,customer761@company.com,True,2,customer761@company.com,"website,erp",2.0
Chris,Johnson,+15551234567,US,2020-02-10,False,website,customer562@yahoo.com,True,2,customer562@yahoo.com,"website,erp",2.0
Alex,Díaz,,EU,2020-02-10,False,website,customer415@yahoo.com,True,2,customer415@yahoo.com,website,1.0
Sam,González,5551234567,EU,2020-02-09,False,website,customer553@yahoo.com,True,2,customer553@yahoo.com,website,1.0
José,González,+442079460958,EU,2020-02-09,False,website,customer364@yahoo.com,True,2,customer364@yahoo.com,website,1.0
Müller,Garcia,5551234567,US,2020-02-13,True,website,customer110@company.com,True,2,customer110@company.com,website,1.0
O'Brien,Smith,+81312345678,APAC,2020-02-16,False,website,customer658@yahoo.com,True,2,customer658@yahoo.com,website,1.0
Alex,López,+81312345678,EU,2020-02-15,True,website,customer283@yahoo.com,True,2,customer283@yahoo.com,website,1.0
Alex,González,02079460958,US,2020-02-14,True,website,customer213@gmail.com,True,2,customer213@gmail.com,website,1.0
John,Kim,+15551234567,APAC,2020-02-13,False,website,customer434@company.com,True,2,customer434@company.com,"website,erp",2.0
Sarah,Brown,,US,2020-02-16,False,website,customer63@gmail.com,True,2,customer63@gmail.com,website,1.0
José,Kim,02079460958,US,2020-02-09,False,website,customer304@yahoo.com,True,2,customer304@yahoo.com,website,1.0
André,Brown,,EU,2020-02-03,False,website,customer447@gmail.com,True,2,customer447@gmail.com,website,1.0
Maria,Kim,5551234567,APAC,2020-02-03,False,website,customer362@company.com,True,2,customer362@company.com,website,1.0
Sarah,López,+15551234567,US,2020-02-02,False,website,customer665@company.com,True,2,customer665@company.com,website,1.0
O'Brien,Brown,+15551234567,APAC,2020-02-02,True,website,customer771@gmail.com,True,2,customer771@gmail.com,website,1.0
Jane,Brown,+81312345678,EU,2020-02-02,True,website,customer578@company.com,True,2,customer578@company.com,website,1.0
José,López,+442079460958,EU,2020-02-02,False,website,customer442@yahoo.com,True,2,customer442@yahoo.com,website,1.0
Léa,Smith,5551234567,US,2020-02-01,True,website,customer343@yahoo.com,True,2,customer343@yahoo.com,website,1.0
O'Brien,Jones,5551234567,APAC,2020-02-01,False,website,customer433@yahoo.com,True,2,customer433@yahoo.com,website,1.0
Jane,Williams,+81312345678,US,2020-02-04,True,website,customer484@yahoo.com,True,2,customer484@yahoo.com,website,1.0
John,González,5551234567,APAC,2020-02-05,False,website,customer548@company.com,True,2,customer548@company.com,website,1.0
O'Brien,Williams,+15551234567,,2020-02-08,False,website,customer68@company.com,True,2,customer68@company.com,"website,erp",2.0
André,López,+15551234567,APAC,2020-02-08,True,website,customer67@yahoo.com,True,2,customer67@yahoo.com,"website,erp",2.0
Chris,Jones,02079460958,US,2020-02-07,True,website,customer499@yahoo.com,True,2,customer499@yahoo.com,website,1.0
Chris,Martínez,5551234567,US,2020-02-07,False,website,customer637@yahoo.com,True,2,customer637@yahoo.com,"website,erp",2.0
Léa,Brown,5551234567,US,2020-02-07,False,website,customer430@yahoo.com,True,2,customer430@yahoo.com,website,1.0
Sam,López,5551234567,US,2020-02-08,False,website,customer488@company.com,True,2,customer488@company.com,"website,erp",2.0
Mike,Wang,,EU,2020-02-06,False,website,customer368@company.com,True,2,customer368@company.com,website,1.0
Sam,Williams,+81312345678,EU,2020-02-06,True,website,customer200@company.com,True,2,customer200@company.com,website,1.0
Pat,Jones,5551234567,EU,2020-02-06,False,website,customer785@company.com,True,2,customer785@company.com,"website,erp",2.0
Maria,Jones,+442079460958,US,2020-02-06,False,website,customer707@company.com,True,2,customer707@company.com,website,1.0
Maria,Kim,5551234567,APAC,2020-02-05,False,website,customer34@yahoo.com,True,2,customer34@yahoo.com,website,1.0
André,López,,APAC,2020-02-05,False,website,customer123@gmail.com,True,2,customer123@gmail.com,website,1.0
Mike,Wang,5551234567,US,2020-02-17,True,website,customer266@company.com,True,2,customer266@company.com,website,1.0
O'Brien,Smith,02079460958,US,2020-02-28,True,website,customer725@company.com,True,2,customer725@company.com,website,1.0
Mike,López,,US,2020-02-27,False,website,customer479@company.com,True,2,customer479@company.com,website,1.0
André,Kim,5551234567,US,2020-02-27,False,website,customer719@company.com,True,2,customer719@company.com,website,1.0
Sam,Wang,5551234567,EU,2020-02-27,False,website,customer286@yahoo.com,True,2,customer286@yahoo.com,website,1.0
Maria,Martínez,+81312345678,APAC,2020-02-26,True,website,customer12@gmail.com,True,2,customer12@gmail.com,website,1.0
Alex,Garcia,,APAC,2020-02-26,False,website,customer322@yahoo.com,True,2,customer322@yahoo.com,website,1.0
Mike,Williams,5551234567,APAC,2020-02-26,False,website,customer574@yahoo.com,True,2,customer574@yahoo.com,website,1.0
Mike,Garcia,,EU,2020-02-28,False,website,customer682@yahoo.com,True,2,customer682@yahoo.com,website,1.0
Maria,Garcia,+15551234567,EU,2020-02-28,False,website,customer125@company.com,True,2,customer125@company.com,website,1.0
Müller,Johnson,5551234567,US,2020-03-02,False,website,customer487@yahoo.com,True,2,customer487@yahoo.com,website,1.0
Mike,Jones,,EU,2020-03-02,False,website,customer112@yahoo.com,True,2,customer112@yahoo.com,website,1.0
José,Williams,5551234567,US,2020-03-02,False,website,customer793@yahoo.com,True,2,customer793@yahoo.com,"website,erp",2.0
John,González,,EU,2020-03-02,False,website,customer263@company.com,True,2,customer263@company.com,website,1.0
Mike,Williams,,EU,2020-03-02,False,website,customer369@gmail.com,True,2,customer369@gmail.com,website,1.0
François,Kim,+442079460958,APAC,2020-02-29,False,website,customer193@yahoo.com,True,2,customer193@yahoo.com,website,1.0
Sam,Kim,5551234567,EU,2020-02-20,False,website,customer303@gmail.com,True,2,customer303@gmail.com,"website,erp",2.0
O'Brien,González,+15551234567,APAC,2020-02-19,False,website,customer528@gmail.com,True,2,customer528@gmail.com,"website,erp",2.0
Mike,Brown,,,2020-02-19,False,website,customer523@yahoo.com,True,2,customer523@yahoo.com,website,1.0
Müller,Garcia,+442079460958,APAC,2020-02-18,False,website,customer183@gmail.com,True,2,customer183@gmail.com,"website,erp",2.0
Léa,Johnson,5551234567,EU,2020-02-17,False,website,customer558@gmail.com,True,2,customer558@gmail.com,website,1.0
Maria,López,5551234567,EU,2020-02-20,False,website,customer694@yahoo.com,True,2,customer694@yahoo.com,"website,erp",2.0
Maria,Garcia,02079460958,EU,2020-02-21,False,website,customer215@company.com,True,2,customer215@company.com,website,1.0
Léa,Kim,02079460958,US,2020-02-21,True,website,customer416@company.com,True,2,customer416@company.com,website,1.0
José,Martínez,+81312345678,US,2020-02-21,False,website,customer101@company.com,True,2,customer101@company.com,website,1.0
O'Brien,Williams,+442079460958,US,2020-02-21,True,website,customer227@company.com,True,2,customer227@company.com,website,1.0
John,González,5551234567,US,2020-02-22,True,website,customer703@yahoo.com,True,2,customer703@yahoo.com,"website,erp",2.0
Jane,Jones,5551234567,APAC,2020-01-11,True,website,customer173@company.com,True,2,customer173@company.com,website,1.0
André,López,,US,2020-01-11,False,website,customer152@company.com,True,2,customer152@company.com,website,1.0
André,Martínez,+442079460958,EU,2020-01-09,False,website,customer267@gmail.com,True,2,customer267@gmail.com,"website,erp",2.0
François,Johnson,5551234567,US,2020-01-15,False,website,customer769@yahoo.com,True,2,customer769@yahoo.com,website,1.0
Pat,Brown,5551234567,EU,2020-01-15,False,website,customer377@company.com,True,2,customer377@company.com,"website,erp",2.0
Maria,Williams,+442079460958,EU,2020-01-04,False,website,customer756@gmail.com,True,2,customer756@gmail.com,website,1.0
Mike,Garcia,+15551234567,EU,2020-01-03,True,website,customer554@company.com,True,2,customer554@company.com,website,1.0
José,González,+81312345678,EU,2020-01-03,False,website,customer135@gmail.com,True,2,customer135@gmail.com,website,1.0
Sarah,Johnson,,EU,2020-01-03,False,website,customer189@gmail.com,True,2,customer189@gmail.com,website,1.0
André,Martínez,02079460958,APAC,2020-01-01,True,website,customer290@company.com,True,2,customer290@company.com,website,1.0
Mike,Kim,5551234567,EU,2020-01-01,False,website,customer423@gmail.com,True,2,customer423@gmail.com,"website,erp",2.0
Pat,Williams,5551234567,US,2020-01-04,False,website,customer617@company.com,True,2,customer617@company.com,"website,erp",2.0
Mike,Johnson,+81312345678,APAC,2020-01-08,False,website,customer126@gmail.com,True,2,customer126@gmail.com,website,1.0
Alex,Garcia,+442079460958,APAC,2020-01-07,False,website,customer396@gmail.com,True,2,customer396@gmail.com,website,1.0
Jane,Williams,02079460958,EU,2020-01-05,True,website,customer232@yahoo.com,True,2,customer232@yahoo.com,website,1.0
Chris,Brown,+442079460958,EU,2020-01-06,False,website,customer182@company.com,True,2,customer182@company.com,website,1.0
José,Díaz,+15551234567,US,2020-01-26,True,website,customer611@company.com,True,2,customer611@company.com,website,1.0
François,Garcia,+81312345678,US,2020-01-26,False,website,customer117@gmail.com,True,2,customer117@gmail.com,website,1.0
John,Brown,5551234567,US,2020-01-25,False,website,customer62@company.com,True,2,customer62@company.com,website,1.0
Chris,Garcia,5551234567,US,2020-01-25,False,website,customer171@gmail.com,True,2,customer171@gmail.com,website,1.0
Maria,Brown,+15551234567,APAC,2020-01-24,False,website,customer799@yahoo.com,True,2,customer799@yahoo.com,website,1.0
Pat,Wang,,US,2020-01-27,False,website,customer6@gmail.com,True,2,customer6@gmail.com,website,1.0
Sarah,Brown,+15551234567,EU,2020-01-28,False,website,customer195@gmail.com,True,2,customer195@gmail.com,"website,erp",2.0
Sarah,Brown,+15551234567,US,2020-01-28,True,website,customer567@gmail.com,True,2,customer567@gmail.com,website,1.0
Sam,Garcia,5551234567,US,2020-01-31,False,website,customer687@gmail.com,True,2,customer687@gmail.com,"website,erp",2.0
Pat,Martínez,02079460958,US,2020-01-30,False,website,customer575@company.com,True,2,customer575@company.com,website,1.0
Chris,Garcia,,EU,2020-01-24,False,website,customer363@gmail.com,True,2,customer363@gmail.com,website,1.0
Alex,Wang,+442079460958,US,2020-01-29,False,website,customer418@yahoo.com,True,2,customer418@yahoo.com,"website,erp",2.0
Chris,Johnson,,,2020-01-29,False,website,customer668@company.com,True,2,customer668@company.com,website,1.0
Maria,Kim,,EU,2020-01-28,False,website,customer147@gmail.com,True,2,customer147@gmail.com,website,1.0
André,Kim,5551234567,US,2020-01-24,True,website,customer187@yahoo.com,True,2,customer187@yahoo.com,website,1.0
O'Brien,Brown,5551234567,US,2020-01-24,False,website,customer633@gmail.com,True,2,customer633@gmail.com,website,1.0
John,González,5551234567,US,2020-01-19,False,website,customer80@company.com,True,2,customer80@company.com,website,1.0
Pat,González,02079460958,US,2020-01-19,True,website,customer257@company.com,True,2,customer257@company.com,"website,erp",2.0
Maria,Smith,5551234567,EU,2020-01-19,False,website,customer295@yahoo.com,True,2,customer295@yahoo.com,website,1.0
Müller,Martínez,5551234567,US,2020-01-17,True,website,customer712@yahoo.com,True,2,customer712@yahoo.com,website,1.0
Chris,Williams,5551234567,EU,2020-01-23,False,website,customer428@company.com,True,2,customer428@company.com,website,1.0
Léa,Williams,5551234567,APAC,2020-01-22,False,website,customer795@gmail.com,True,2,customer795@gmail.com,website,1.0
Maria,Kim,5551234567,US,2020-01-21,False,website,customer407@company.com,True,2,customer407@company.com,website,1.0
François,Díaz,+15551234567,US,2020-04-14,False,website,customer118@yahoo.com,True,2,customer118@yahoo.com,website,1.0
François,Smith,+81312345678,EU,2020-04-13,False,website,customer181@yahoo.com,True,2,customer181@yahoo.com,"website,erp",2.0
Müller,Williams,,US,2020-04-13,False,website,customer779@company.com,True,2,customer779@company.com,website,1.0
Sam,López,5551234567,US,2020-04-12,True,website,customer137@company.com,True,2,customer137@company.com,website,1.0
José,Jones,+81312345678,EU,2020-04-11,False,website,customer397@yahoo.com,True,2,customer397@yahoo.com,"website,erp",2.0
Maria,González,5551234567,APAC,2020-04-18,False,website,customer518@company.com,True,2,customer518@company.com,website,1.0
O'Brien,Johnson,+15551234567,APAC,2020-04-17,False,website,customer133@yahoo.com,True,2,customer133@yahoo.com,"website,erp",2.0
Chris,Williams,5551234567,EU,2020-04-17,False,website,customer744@gmail.com,True,2,customer744@gmail.com,website,1.0
Maria,Smith,02079460958,APAC,2020-04-11,False,website,customer791@company.com,True,2,customer791@company.com,website,1.0
Alex,Jones,5551234567,EU,2020-04-06,True,website,customer262@yahoo.com,True,2,customer262@yahoo.com,website,1.0
Chris,Wang,02079460958,US,2020-04-05,False,website,customer99@gmail.com,True,2,customer99@gmail.com,website,1.0
Maria,Kim,02079460958,EU,2020-04-05,True,website,customer458@company.com,True,2,customer458@company.com,"website,erp",2.0
John,Wang,02079460958,EU,2020-04-04,False,website,customer527@company.com,True,2,customer527@company.com,"website,erp",2.0
Chris,Kim,,,2020-04-07,False,website,customer148@yahoo.com,True,2,customer148@yahoo.com,website,1.0
François,Garcia,+15551234567,EU,2020-04-11,False,website,customer676@yahoo.com,True,2,customer676@yahoo.com,website,1.0
Pat,Martínez,+442079460958,EU,2020-04-11,False,website,customer524@company.com,True,2,customer524@company.com,website,1.0
Mike,Brown,+15551234567,US,2020-04-10,False,website,customer585@gmail.com,True,2,customer585@gmail.com,"website,erp",2.0
Maria,Martínez,5551234567,US,2020-04-10,False,website,customer52@yahoo.com,True,2,customer52@yahoo.com,website,1.0
Léa,Díaz,5551234567,US,2020-04-09,False,website,customer53@company.com,True,2,customer53@company.com,website,1.0
Mike,Martínez,+442079460958,US,2020-04-09,False,website,customer312@gmail.com,True,2,customer312@gmail.com,"website,erp",2.0
Sarah,Williams,+81312345678,US,2020-04-09,True,website,customer226@yahoo.com,True,2,customer226@yahoo.com,"website,erp",2.0
Müller,Wang,5551234567,,2020-04-08,False,website,customer355@yahoo.com,True,2,customer355@yahoo.com,website,1.0
André,Brown,+442079460958,US,2020-04-19,False,website,customer11@company.com,True,2,customer11@company.com,"website,erp",2.0
Müller,Martínez,+442079460958,EU,2020-04-29,False,website,customer460@yahoo.com,True,2,customer460@yahoo.com,website,1.0
O'Brien,Wang,+15551234567,EU,2020-04-29,False,website,customer506@company.com,True,2,customer506@company.com,website,1.0
John,Jones,5551234567,US,2020-04-28,False,website,customer25@yahoo.com,True,2,customer25@yahoo.com,"website,erp",2.0
John,Wang,02079460958,US,2020-04-30,False,website,customer490@yahoo.com,True,2,customer490@yahoo.com,website,1.0
François,Johnson,5551234567,APAC,2020-05-01,False,website,customer563@company.com,True,2,customer563@company.com,website,1.0
Chris,Smith,5551234567,US,2020-05-03,False,website,customer360@gmail.com,True,2,customer360@gmail.com,website,1.0
Sarah,Martínez,+81312345678,US,2020-05-03,True,website,customer4@yahoo.com,True,2,customer4@yahoo.com,"website,erp",2.0
Alex,Garcia,5551234567,APAC,2020-05-02,False,website,customer685@yahoo.com,True,2,customer685@yahoo.com,website,1.0
Müller,Kim,+15551234567,US,2020-05-02,False,website,customer158@company.com,True,2,customer158@company.com,website,1.0
O'Brien,Díaz,5551234567,EU,2020-05-02,False,website,customer241@yahoo.com,True,2,customer241@yahoo.com,website,1.0
Müller,Brown,02079460958,EU,2020-04-22,False,website,customer503@company.com,True,2,customer503@company.com,website,1.0
Alex,Martínez,+15551234567,EU,2020-04-21,False,website,customer728@company.com,True,2,customer728@company.com,website,1.0
Maria,López,5551234567,US,2020-04-20,False,website,customer483@gmail.com,True,2,customer483@gmail.com,website,1.0
Sam,González,+81312345678,APAC,2020-04-20,False,website,customer372@gmail.com,True,2,customer372@gmail.com,"website,erp",2.0
André,Kim,+442079460958,APAC,2020-04-22,False,website,customer643@yahoo.com,True,2,customer643@yahoo.com,website,1.0
John,Díaz,+15551234567,,2020-04-26,False,website,customer142@yahoo.com,True,2,customer142@yahoo.com,website,1.0
John,Smith,02079460958,US,2020-04-25,False,website,customer630@gmail.com,True,2,customer630@gmail.com,"website,erp",2.0
Sarah,Wang,+442079460958,APAC,2020-04-24,False,website,customer204@gmail.com,True,2,customer204@gmail.com,website,1.0
Müller,Johnson,02079460958,EU,2020-04-23,False,website,customer609@gmail.com,True,2,customer609@gmail.com,website,1.0
François,Garcia,02079460958,EU,2020-04-23,False,website,customer156@gmail.com,True,2,customer156@gmail.com,"website,erp",2.0
José,Wang,+15551234567,EU,2020-04-03,False,website,customer740@company.com,True,2,customer740@company.com,website,1.0
José,Jones,+442079460958,EU,2020-04-24,False,website,customer78@gmail.com,True,2,customer78@gmail.com,website,1.0
Jane,Kim,+15551234567,,2020-03-14,False,website,customer320@company.com,True,2,customer320@company.com,website,1.0
O'Brien,López,02079460958,US,2020-03-13,False,website,customer629@company.com,True,2,customer629@company.com,website,1.0
Sarah,Johnson,+442079460958,APAC,2020-03-13,False,website,customer26@company.com,True,2,customer26@company.com,website,1.0
Mike,Jones,+81312345678,US,2020-03-13,False,website,customer631@yahoo.com,True,2,customer631@yahoo.com,website,1.0
Mike,Wang,5551234567,US,2020-03-13,False,website,customer214@yahoo.com,True,2,customer214@yahoo.com,"website,erp",2.0
Maria,Wang,+15551234567,,2020-03-12,False,website,customer294@gmail.com,True,2,customer294@gmail.com,website,1.0
François,Brown,5551234567,EU,2020-03-12,True,website,customer507@gmail.com,True,2,customer507@gmail.com,website,1.0
Léa,Martínez,5551234567,EU,2020-03-15,False,website,customer436@yahoo.com,True,2,customer436@yahoo.com,website,1.0
José,Williams,5551234567,EU,2020-03-18,False,website,customer659@company.com,True,2,customer659@company.com,website,1.0
Léa,Díaz,+81312345678,EU,2020-03-17,False,website,customer543@gmail.com,True,2,customer543@gmail.com,website,1.0
Sarah,Johnson,5551234567,US,2020-03-06,False,website,customer702@gmail.com,True,2,customer702@gmail.com,website,1.0
José,López,5551234567,US,2020-03-04,False,website,customer647@company.com,True,2,customer647@company.com,website,1.0
Alex,Kim,+81312345678,EU,2020-03-04,True,website,customer743@company.com,True,2,customer743@company.com,website,1.0
Müller,Kim,02079460958,US,2020-03-10,False,website,customer745@yahoo.com,True,2,customer745@yahoo.com,"website,erp",2.0
Pat,Brown,+442079460958,EU,2020-03-09,True,website,customer357@gmail.com,True,2,customer357@gmail.com,website,1.0
Sarah,González,+81312345678,EU,2020-03-09,False,website,customer82@yahoo.com,True,2,customer82@yahoo.com,"website,erp",2.0
André,Williams,+15551234567,APAC,2020-03-08,False,website,customer354@gmail.com,True,2,customer354@gmail.com,website,1.0
François,Johnson,02079460958,US,2020-03-29,False,website,customer724@yahoo.com,True,2,customer724@yahoo.com,website,1.0
Léa,Williams,02079460958,US,2020-03-27,True,website,customer623@company.com,True,2,customer623@company.com,website,1.0
José,Kim,5551234567,APAC,2020-03-27,False,website,customer197@company.com,True,2,customer197@company.com,website,1.0
Léa,Brown,+442079460958,APAC,2020-03-30,False,website,customer451@yahoo.com,True,2,customer451@yahoo.com,website,1.0
Müller,Brown,,APAC,2020-04-03,False,website,customer235@yahoo.com,True,2,customer235@yahoo.com,website,1.0
Léa,Jones,5551234567,US,2020-04-02,False,website,customer767@company.com,True,2,customer767@company.com,website,1.0
Léa,Martínez,5551234567,US,2020-04-01,False,website,customer292@yahoo.com,True,2,customer292@yahoo.com,"website,erp",2.0
Müller,Smith,+81312345678,EU,2020-04-01,False,website,customer651@gmail.com,True,2,customer651@gmail.com,"website,erp",2.0
Sam,Martínez,5551234567,EU,2020-03-31,False,website,customer722@company.com,True,2,customer722@company.com,"website,erp",2.0
Sam,Garcia,5551234567,,2020-03-22,False,website,customer590@company.com,True,2,customer590@company.com,website,1.0
John,Wang,+442079460958,EU,2020-03-22,False,website,customer560@company.com,True,2,customer560@company.com,website,1.0
André,Martínez,,EU,2020-03-23,False,website,customer240@gmail.com,True,2,customer240@gmail.com,website,1.0
Sam,López,5551234567,US,2020-03-25,False,website,customer576@gmail.com,True,2,customer576@gmail.com,"website,erp",2.0
Léa,Jones,5551234567,,2020-03-25,False,website,customer632@company.com,True,2,customer632@company.com,website,1.0
Sarah,Kim,+81312345678,APAC,2020-03-23,False,website,customer95@company.com,True,2,customer95@company.com,website,1.0
Alex,López,+15551234567,US,2019-12-01,False,erp,customer481@yahoo.com,True,3,customer481@yahoo.com,erp,1.0
Maria,Brown,5551234567,EU,2019-06-01,False,erp,customer91@yahoo.com,True,3,customer91@yahoo.com,erp,1.0
Sam,Williams,,,2019-02-01,False,erp,customer531@gmail.com,True,3,customer531@gmail.com,erp,1.0
John,Wang,+15551234567,APAC,2019-06-01,False,erp,customer661@yahoo.com,True,3,customer661@yahoo.com,erp,1.0
Sam,Garcia,+81312345678,,,False,erp,customer569@company.com,True,3,customer569@company.com,erp,1.0
Maria,Martínez,02079460958,APAC,,False,erp,customer346@yahoo.com,True,3,customer346@yahoo.com,erp,1.0
José,Díaz,+15551234567,US,2019-08-01,False,erp,customer472@yahoo.com,True,3,customer472@yahoo.com,erp,1.0
O'Brien,Brown,+15551234567,,2019-07-01,False,erp,customer693@gmail.com,True,3,customer693@gmail.com,erp,1.0
Jane,Garcia,5551234567,US,2019-07-01,False,erp,customer308@company.com,True,3,customer308@company.com,erp,1.0
Alex,López,+442079460958,EU,2019-12-01,False,erp,customer17@company.com,True,3,customer17@company.com,erp,1.0
Sam,Kim,5551234567,,,False,erp,customer352@yahoo.com,True,3,customer352@yahoo.com,erp,1.0
Sarah,Wang,,US,2019-07-01,False,erp,customer178@yahoo.com,True,3,customer178@yahoo.com,erp,1.0
Müller,López,5551234567,APAC,2019-07-01,False,erp,customer529@yahoo.com,True,3,customer529@yahoo.com,erp,1.0
Maria,Martínez,,EU,2019-04-01,False,erp,customer185@company.com,True,3,customer185@company.com,erp,1.0
André,López,+442079460958,,,False,erp,customer588@gmail.com,True,3,customer588@gmail.com,erp,1.0
Léa,González,,APAC,2019-06-01,False,erp,customer766@yahoo.com,True,3,customer766@yahoo.com,erp,1.0
Müller,Kim,+442079460958,APAC,2019-08-01,False,erp,customer31@yahoo.com,True,3,customer31@yahoo.com,erp,1.0
John,Johnson,+442079460958,,,False,erp,customer41@company.com,True,3,customer41@company.com,erp,1.0
Maria,González,02079460958,,2019-04-01,False,erp,customer60@gmail.com,True,3,customer60@gmail.com,erp,1.0
Müller,Williams,,EU,2019-09-01,False,erp,customer252@gmail.com,True,3,customer252@gmail.com,erp,1.0
Maria,Smith,+15551234567,,,False,erp,customer606@gmail.com,True,3,customer606@gmail.com,erp,1.0
Alex,Kim,+15551234567,APAC,,False,erp,customer774@gmail.com,True,3,customer774@gmail.com,erp,1.0
Chris,Smith,02079460958,,,False,erp,customer144@gmail.com,True,3,customer144@gmail.com,erp,1.0
Maria,Brown,+15551234567,EU,2019-07-01,False,erp,customer318@gmail.com,True,3,customer318@gmail.com,erp,1.0
Léa,Martínez,+15551234567,,,False,erp,customer696@gmail.com,True,3,customer696@gmail.com,erp,1.0
Jane,Williams,,,,False,erp,customer738@gmail.com,True,3,customer738@gmail.com,erp,1.0
Alex,Garcia,5551234567,US,2019-08-01,False,erp,customer179@company.com,True,3,customer179@company.com,erp,1.0
André,López,+442079460958,,,False,erp,customer723@gmail.com,True,3,customer723@gmail.com,erp,1.0
Pat,Johnson,+81312345678,APAC,,False,erp,customer471@gmail.com,True,3,customer471@gmail.com,erp,1.0
José,Johnson,5551234567,US,2019-04-01,False,erp,customer33@gmail.com,True,3,customer33@gmail.com,erp,1.0
Chris,Brown,+81312345678,APAC,2019-01-01,False,erp,customer345@gmail.com,True,3,customer345@gmail.com,erp,1.0
François,Kim,5551234567,,2022-06-01,False,crm,@nodomain.com,False,1,@nodomain.com,,
Mike,Kim,5551234567,US,2022-07-01,False,crm,double@@sign.com,False,1,double@@sign.com,,
Müller,Smith,+81312345678,APAC,2021-09-01,False,crm,,False,1,,,
Maria,López,+15551234567,EU,2021-07-01,False,crm,,False,1,,,
Léa,Smith,,APAC,2021-10-01,True,crm,double@@sign.com,False,1,double@@sign.com,,
Sam,Williams,5551234567,EU,2020-04-06,False,website,,False,2,,,
Alex,Kim,5551234567,APAC,2020-03-07,False,website,missing@,False,2,missing@,,
